<?xml version="1.0" encoding="UTF-8"?>
<project-private xmlns="http://www.netbeans.org/ns/project-private/1">
    <editor-bookmarks xmlns="http://www.netbeans.org/ns/editor-bookmarks/2" lastBookmarkId="1">
        <file>
            <url>src/joguinho01/Modelo/Player.java</url>
            <bookmark id="1">
                <name/>
                <line>137</line>
                <key/>
            </bookmark>
        </file>
    </editor-bookmarks>
    <open-files xmlns="http://www.netbeans.org/ns/projectui-open-files/2">
        <group>
            <file>file:/C:/Users/profslvo/Desktop/Trabalho_A3/Victor%20A3/src/a3/modelo/main/GamePainel.java</file>
        </group>
    </open-files>
</project-private>
